timestamp,usage,hour,day_of_week,is_weekend
2026-01-01 00:00:00,52.483570765056164,0,3,0
2026-01-01 01:00:00,49.308678494144075,1,3,0
2026-01-01 02:00:00,53.23844269050346,2,3,0
2026-01-01 03:00:00,57.61514928204013,3,3,0
2026-01-01 04:00:00,48.82923312638332,4,3,0
2026-01-01 05:00:00,48.8293152152541,5,3,0
2026-01-01 06:00:00,57.896064077536955,6,3,0
2026-01-01 07:00:00,79.71907815601662,7,3,0
2026-01-01 08:00:00,97.65262807032524,8,3,0
2026-01-01 09:00:00,123.42347833658457,9,3,0
2026-01-01 10:00:00,134.28545191438153,10,3,0
2026-01-01 11:00:00,144.26393386105553,11,3,0
2026-01-01 12:00:00,151.20981135783018,12,3,0
2026-01-01 13:00:00,137.02618140561785,13,3,0
2026-01-01 14:00:00,127.97795121587872,14,3,0
2026-01-01 15:00:00,117.89924047244989,15,3,0
2026-01-01 16:00:00,94.93584439832789,16,3,0
2026-01-01 17:00:00,77.45314117322847,17,3,0
2026-01-01 18:00:00,45.459879622393956,18,3,0
2026-01-01 19:00:00,42.93848149332354,19,3,0
2026-01-01 20:00:00,57.32824384460777,20,3,0
2026-01-01 21:00:00,48.87111849756732,21,3,0
2026-01-01 22:00:00,50.337641023439616,22,3,0
2026-01-01 23:00:00,42.87625906893272,23,3,0
2026-01-02 00:00:00,47.27808637737409,0,4,0
2026-01-02 01:00:00,50.554612948549334,1,4,0
2026-01-02 02:00:00,44.24503211288849,2,4,0
2026-01-02 03:00:00,51.87849009172836,3,4,0
2026-01-02 04:00:00,46.99680655040598,4,4,0
2026-01-02 05:00:00,48.54153125103362,5,4,0
2026-01-02 06:00:00,46.991466938853016,6,4,0
2026-01-02 07:00:00,85.14329543279676,7,4,0
2026-01-02 08:00:00,99.93251387631032,8,4,0
2026-01-02 09:00:00,115.42212347387525,9,4,0
2026-01-02 10:00:00,140.7152649389598,10,4,0
2026-01-02 11:00:00,140.48836437905172,11,4,0
2026-01-02 12:00:00,151.04431797502377,12,4,0
2026-01-02 13:00:00,136.79423200950794,13,4,0
2026-01-02 14:00:00,129.96161013395172,14,4,0
2026-01-02 15:00:00,121.69498429800038,15,4,0
2026-01-02 16:00:00,103.69233289997705,16,4,0
2026-01-02 17:00:00,76.73874591620195,17,4,0
2026-01-02 18:00:00,49.421758588058815,18,4,0
2026-01-02 19:00:00,48.494481522053555,19,4,0
2026-01-02 20:00:00,42.60739004816286,20,4,0
2026-01-02 21:00:00,46.40077895802646,21,4,0
2026-01-02 22:00:00,47.696806145201066,22,4,0
2026-01-02 23:00:00,55.285611131094576,23,4,0
2026-01-03 00:00:00,21.71809144784231,0,5,1
2026-01-03 01:00:00,11.18479922318633,1,5,1
2026-01-03 02:00:00,21.620419846973974,2,5,1
2026-01-03 03:00:00,18.074588597918417,3,5,1
2026-01-03 04:00:00,16.615389998470206,4,5,1
2026-01-03 05:00:00,23.05838144420434,5,5,1
2026-01-03 06:00:00,25.154997612479754,6,5,1
2026-01-03 07:00:00,27.2445910466062,7,5,1
2026-01-03 08:00:00,20.803912383886807,8,5,1
2026-01-03 09:00:00,25.525005932609403,9,5,1
2026-01-03 10:00:00,30.316571194862206,10,5,1
2026-01-03 11:00:00,34.53698389850248,11,5,1
2026-01-03 12:00:00,27.60412881077355,12,5,1
2026-01-03 13:00:00,28.730963379571595,13,5,1
2026-01-03 14:00:00,23.128579167814248,14,5,1
2026-01-03 15:00:00,21.090034691462122,15,5,1
2026-01-03 16:00:00,29.062629111970992,16,5,1
2026-01-03 17:00:00,29.369390593879324,17,5,1
2026-01-03 18:00:00,19.63994939209833,18,5,1
2026-01-03 19:00:00,25.01766448946012,19,5,1
2026-01-03 20:00:00,21.80818012523817,20,5,1
2026-01-03 21:00:00,16.77440122697438,21,5,1
2026-01-03 22:00:00,21.80697802754207,22,5,1
2026-01-03 23:00:00,27.690182832329846,23,5,1
2026-01-04 00:00:00,19.820869804450243,0,6,1
2026-01-04 01:00:00,27.82321827907003,1,6,1
2026-01-04 02:00:00,6.901274479551278,2,6,1
2026-01-04 03:00:00,24.10951252187612,3,6,1
2026-01-04 04:00:00,20.435235341190857,4,6,1
2026-01-04 05:00:00,18.50496324767066,5,6,1
2026-01-04 06:00:00,20.45880388267751,6,6,1
2026-01-04 07:00:00,12.650345878020742,7,6,1
2026-01-04 08:00:00,23.90164056081244,8,6,1
2026-01-04 09:00:00,28.856630669424206,9,6,1
2026-01-04 10:00:00,36.049724261551965,10,6,1
2026-01-04 11:00:00,27.067907171522442,11,6,1
2026-01-04 12:00:00,25.95753198553406,12,6,1
2026-01-04 13:00:00,27.150473044968,13,6,1
2026-01-04 14:00:00,33.23726462635476,14,6,1
2026-01-04 15:00:00,28.714823360163898,15,6,1
2026-01-04 16:00:00,22.351198981164806,16,6,1
2026-01-04 17:00:00,25.15452761659199,17,6,1
2026-01-04 18:00:00,20.4853877467402,18,6,1
2026-01-04 19:00:00,24.843224952664446,19,6,1
2026-01-04 20:00:00,16.489734530613237,20,6,1
2026-01-04 21:00:00,18.361689267011158,21,6,1
2026-01-04 22:00:00,18.039459234339212,22,6,1
2026-01-04 23:00:00,12.682425259339407,23,6,1
2026-01-05 00:00:00,51.48060138532288,0,0,0
2026-01-05 01:00:00,51.30527636089945,1,0,0
2026-01-05 02:00:00,50.025567283212304,2,0,0
2026-01-05 03:00:00,48.82706433312426,3,0,0
2026-01-05 04:00:00,42.923146289747926,4,0,0
2026-01-05 05:00:00,47.89677338617321,5,0,0
2026-01-05 06:00:00,48.286427417366156,6,0,0
2026-01-05 07:00:00,71.87051816414397,7,0,0
2026-01-05 08:00:00,99.19357144166996,8,0,0
2026-01-05 09:00:00,122.73093240272743,9,0,0
2026-01-05 10:00:00,146.0334698844965,10,0,0
2026-01-05 11:00:00,147.465471693066,11,0,0
2026-01-05 12:00:00,151.28775195361382,12,0,0
2026-01-05 13:00:00,146.220353050076,13,0,0
2026-01-05 14:00:00,127.00868430194868,14,0,0
2026-01-05 15:00:00,120.57810874140867,15,0,0
2026-01-05 16:00:00,100.30115104970513,16,0,0
2026-01-05 17:00:00,88.19811507267853,17,0,0
2026-01-05 18:00:00,49.038195176094405,18,0,0
2026-01-05 19:00:00,51.50773671166806,19,0,0
2026-01-05 20:00:00,49.82644115147378,20,0,0
2026-01-05 21:00:00,44.15660981190234,21,0,0
2026-01-05 22:00:00,55.7141140725751,22,0,0
2026-01-05 23:00:00,53.75966516343387,23,0,0
2026-01-06 00:00:00,53.95515973521523,0,1,0
2026-01-06 01:00:00,45.4530627260263,1,1,0
2026-01-06 02:00:00,57.013971554680495,2,1,0
2026-01-06 03:00:00,42.990744686038596,3,1,0
2026-01-06 04:00:00,52.93428546900135,4,1,0
2026-01-06 05:00:00,60.952278129049894,5,1,0
2026-01-06 06:00:00,45.04731837434656,6,1,0
2026-01-06 07:00:00,73.05041586223821,7,1,0
2026-01-06 08:00:00,100.4982568254382,8,1,0
2026-01-06 09:00:00,118.19329984807375,9,1,0
2026-01-06 10:00:00,128.8492232231132,10,1,0
2026-01-06 11:00:00,146.93539750293695,11,1,0
2026-01-06 12:00:00,144.68848143136947,12,1,0
2026-01-06 13:00:00,148.96054478208274,13,1,0
2026-01-06 14:00:00,132.00541920727485,14,1,0
2026-01-06 15:00:00,128.46035014374246,15,1,0
2026-01-06 16:00:00,96.08373353831881,16,1,0
2026-01-06 17:00:00,74.27159692922372,17,1,0
2026-01-06 18:00:00,54.067586086848365,18,1,0
2026-01-06 19:00:00,43.84567841783022,19,1,0
2026-01-06 20:00:00,51.13729967302065,20,1,0
2026-01-06 21:00:00,56.53571377141214,21,1,0
2026-01-06 22:00:00,41.96258382719386,22,1,0
2026-01-06 23:00:00,50.92316929266152,23,1,0
2026-01-07 00:00:00,51.29941397124212,0,2,0
2026-01-07 01:00:00,53.90911435888655,1,2,0
2026-01-07 02:00:00,43.81524644560959,2,2,0
2026-01-07 03:00:00,43.39771693457862,3,2,0
2026-01-07 04:00:00,52.60970782808449,4,2,0
2026-01-07 05:00:00,51.48492336616593,5,2,0
2026-01-07 06:00:00,51.252464251729386,6,2,0
2026-01-07 07:00:00,77.61414555773695,7,2,0
2026-01-07 08:00:00,96.59987639210755,8,2,0
2026-01-07 09:00:00,121.87194660445977,9,2,0
2026-01-07 10:00:00,138.06790274493724,10,2,0
2026-01-07 11:00:00,143.020825538775,11,2,0
2026-01-07 12:00:00,159.3288725557238,12,2,0
2026-01-07 13:00:00,148.96174723346576,13,2,0
2026-01-07 14:00:00,130.64602289243064,14,2,0
2026-01-07 15:00:00,123.9934461618239,15,2,0
2026-01-07 16:00:00,95.1265916488634,16,2,0
2026-01-07 17:00:00,79.81732752896436,17,2,0
2026-01-07 18:00:00,55.79297789503703,18,2,0
2026-01-07 19:00:00,45.89658840824145,19,2,0
2026-01-07 20:00:00,54.816880646221605,20,2,0
2026-01-07 21:00:00,52.063904634682494,21,2,0
2026-01-07 22:00:00,54.11030079997245,22,2,0
2026-01-07 23:00:00,59.48396491326974,23,2,0
2026-01-08 00:00:00,48.77305941998565,0,3,0
2026-01-08 01:00:00,46.23131917821255,1,3,0
2026-01-08 02:00:00,45.55242785187238,2,3,0
2026-01-08 03:00:00,45.92094857517281,3,3,0
2026-01-08 04:00:00,49.61449145292948,4,3,0
2026-01-08 05:00:00,51.70575987408322,5,3,0
2026-01-08 06:00:00,51.3834539966501,6,3,0
2026-01-08 07:00:00,80.01782075543218,7,3,0
2026-01-08 08:00:00,100.06500945938953,8,3,0
2026-01-08 09:00:00,127.97834850444133,9,3,0
2026-01-08 10:00:00,135.27925621225407,10,3,0
2026-01-08 11:00:00,160.19342846185492,11,3,0
2026-01-08 12:00:00,153.12833673882503,12,3,0
2026-01-08 13:00:00,142.30679484682543,13,3,0
2026-01-08 14:00:00,131.2480778881383,14,3,0
2026-01-08 15:00:00,123.12304019487068,15,3,0
2026-01-08 16:00:00,98.88268607337075,16,3,0
2026-01-08 17:00:00,79.45190698071256,17,3,0
2026-01-08 18:00:00,52.36618812286774,18,3,0
2026-01-08 19:00:00,49.63585543671564,19,3,0
2026-01-08 20:00:00,45.76603140965798,20,3,0
2026-01-08 21:00:00,42.42576387657068,21,3,0
2026-01-08 22:00:00,47.767425239664895,22,3,0
2026-01-08 23:00:00,54.28199397161736,23,3,0
2026-01-09 00:00:00,51.07046872065102,0,4,0
2026-01-09 01:00:00,43.77130610644006,1,4,0
2026-01-09 02:00:00,50.86590462925591,2,4,0
2026-01-09 03:00:00,51.92658689864418,3,4,0
2026-01-09 04:00:00,45.580712818994336,4,4,0
2026-01-09 05:00:00,50.768625529727636,5,4,0
2026-01-09 06:00:00,50.29104359223,6,4,0
2026-01-09 07:00:00,70.16705302109895,7,4,0
2026-01-09 08:00:00,101.78893680174141,8,4,0
2026-01-09 09:00:00,123.51460075049592,9,4,0
2026-01-09 10:00:00,142.01779659432023,10,4,0
2026-01-09 11:00:00,151.86159288908135,11,4,0
2026-01-09 12:00:00,143.11165316021453,12,4,0
2026-01-09 13:00:00,141.9034574293312,13,4,0
2026-01-09 14:00:00,139.1777167144872,14,4,0
2026-01-09 15:00:00,123.2796078732158,15,4,0
2026-01-09 16:00:00,102.57523843153024,16,4,0
2026-01-09 17:00:00,95.1455619635257,17,4,0
2026-01-09 18:00:00,52.85445255346585,18,4,0
2026-01-09 19:00:00,55.677828200902994,19,4,0
2026-01-09 20:00:00,54.770008817466014,20,4,0
2026-01-09 21:00:00,53.25695625652899,21,4,0
2026-01-09 22:00:00,48.423653776798275,22,4,0
2026-01-09 23:00:00,53.79484610246634,23,4,0
2026-01-10 00:00:00,16.13587392731214,0,5,1
2026-01-10 01:00:00,18.815906966299956,1,5,1
2026-01-10 02:00:00,17.573182260854484,2,5,1
2026-01-10 03:00:00,20.409370696931614,3,5,1
2026-01-10 04:00:00,31.573292833367542,4,5,1
2026-01-10 05:00:00,10.66367403704126,5,5,1
2026-01-10 06:00:00,23.43130095187257,6,5,1
2026-01-10 07:00:00,14.524611095076946,7,5,1
2026-01-10 08:00:00,22.640340671052833,8,5,1
2026-01-10 09:00:00,32.51582079670231,9,5,1
2026-01-10 10:00:00,28.9816541333217,10,5,1
2026-01-10 11:00:00,24.27053437324415,11,5,1
2026-01-10 12:00:00,26.42348145370016,12,5,1
2026-01-10 13:00:00,33.05724700756406,13,5,1
2026-01-10 14:00:00,25.008420879258708,14,5,1
2026-01-10 15:00:00,28.15336075977535,15,5,1
2026-01-10 16:00:00,25.22785919951907,16,5,1
2026-01-10 17:00:00,19.330188712996126,17,5,1
2026-01-10 18:00:00,30.719720446626628,18,5,1
2026-01-10 19:00:00,23.169595111590056,19,5,1
2026-01-10 20:00:00,9.874287066711965,20,5,1
2026-01-10 21:00:00,20.93227157384714,21,5,1
2026-01-10 22:00:00,16.69106767615806,22,5,1
2026-01-10 23:00:00,24.26216667398112,23,5,1
2026-01-11 00:00:00,16.037396307836495,0,6,1
2026-01-11 01:00:00,19.426317792665504,1,6,1
2026-01-11 02:00:00,22.524936394902287,2,6,1
2026-01-11 03:00:00,24.328775970850607,3,6,1
2026-01-11 04:00:00,13.998517964721119,4,6,1
2026-01-11 05:00:00,18.327493820795258,5,6,1
2026-01-11 06:00:00,17.62527344419522,6,6,1
2026-01-11 07:00:00,19.321544288156645,7,6,1
2026-01-11 08:00:00,33.82727120140548,8,6,1
2026-01-11 09:00:00,29.095976366670254,9,6,1
2026-01-11 10:00:00,22.35583426616916,10,6,1
2026-01-11 11:00:00,34.24856799816456,11,6,1
2026-01-11 12:00:00,40.610780985063165,12,6,1
2026-01-11 13:00:00,34.82158456564642,13,6,1
2026-01-11 14:00:00,21.063404208074324,14,6,1
2026-01-11 15:00:00,24.64989744753422,15,6,1
2026-01-11 16:00:00,31.334555745933113,16,6,1
2026-01-11 17:00:00,19.049843122931307,17,6,1
2026-01-11 18:00:00,22.219097140731144,18,6,1
2026-01-11 19:00:00,23.873170267146683,19,6,1
2026-01-11 20:00:00,15.365347642109585,20,6,1
2026-01-11 21:00:00,19.702373219691,21,6,1
2026-01-11 22:00:00,5.0,22,6,1
2026-01-11 23:00:00,14.878061793328552,23,6,1
2026-01-12 00:00:00,48.7371592430342,0,0,0
2026-01-12 01:00:00,43.76108409017575,1,0,0
2026-01-12 02:00:00,58.16205651965818,2,0,0
2026-01-12 03:00:00,42.84929311019684,3,0,0
2026-01-12 04:00:00,47.79977756651508,4,0,0
2026-01-12 05:00:00,50.65370288643046,5,0,0
2026-01-12 06:00:00,57.20636644533058,6,0,0
2026-01-12 07:00:00,68.70259375435488,7,0,0
2026-01-12 08:00:00,105.8158187607748,8,0,0
2026-01-12 09:00:00,120.76184342375268,9,0,0
2026-01-12 10:00:00,131.6949971232041,10,0,0
2026-01-12 11:00:00,148.9031000002232,11,0,0
2026-01-12 12:00:00,150.99529847786735,12,0,0
2026-01-12 13:00:00,143.59149824311285,13,0,0
2026-01-12 14:00:00,136.95155080339396,14,0,0
2026-01-12 15:00:00,118.78411013434595,15,0,0
2026-01-12 16:00:00,100.56758672625624,16,0,0
2026-01-12 17:00:00,79.19255788285733,17,0,0
2026-01-12 18:00:00,57.93008408072677,18,0,0
2026-01-12 19:00:00,43.810922505865754,19,0,0
2026-01-12 20:00:00,60.665166873281336,20,0,0
2026-01-12 21:00:00,40.23956100238749,21,0,0
2026-01-12 22:00:00,49.24107452482208,22,0,0
2026-01-12 23:00:00,52.94158603242288,23,0,0
2026-01-13 00:00:00,51.40495933867516,0,1,0
2026-01-13 01:00:00,46.88650240089703,1,1,0
2026-01-13 02:00:00,48.95938874821363,2,1,0
2026-01-13 03:00:00,47.53499532670583,3,1,0
2026-01-13 04:00:00,47.05317621527894,4,1,0
2026-01-13 05:00:00,54.24801048510513,5,1,0
2026-01-13 06:00:00,51.785077429825236,6,1,0
2026-01-13 07:00:00,72.4173565339488,7,1,0
2026-01-13 08:00:00,104.49799937716625,8,1,0
2026-01-13 09:00:00,122.24717572303778,9,1,0
2026-01-13 10:00:00,140.66685097263866,10,1,0
2026-01-13 11:00:00,149.7407268385249,11,1,0
2026-01-13 12:00:00,145.85502494538963,12,1,0
2026-01-13 13:00:00,143.79167742792197,13,1,0
2026-01-13 14:00:00,140.3390084040602,14,1,0
2026-01-13 15:00:00,123.76252944582208,15,1,0
2026-01-13 16:00:00,99.89549203017926,16,1,0
2026-01-13 17:00:00,76.46854142679601,17,1,0
2026-01-13 18:00:00,56.38832447894214,18,1,0
2026-01-13 19:00:00,47.04214305582085,19,1,0
2026-01-13 20:00:00,52.73548690585019,20,1,0
2026-01-13 21:00:00,48.98903673783053,21,1,0
2026-01-13 22:00:00,48.911593983863895,22,1,0
2026-01-13 23:00:00,55.49388425993595,23,1,0
2026-01-14 00:00:00,54.12708174494015,0,2,0
2026-01-14 01:00:00,54.06754818000319,1,2,0
2026-01-14 02:00:00,56.52739403577164,2,2,0
2026-01-14 03:00:00,50.105019208163796,3,2,0
2026-01-14 04:00:00,53.40976485647482,4,2,0
2026-01-14 05:00:00,48.44866621703272,5,2,0
2026-01-14 06:00:00,51.62083176244221,6,2,0
2026-01-14 07:00:00,75.23118923841365,7,2,0
2026-01-14 08:00:00,100.48497982496359,8,2,0
2026-01-14 09:00:00,123.6864632458393,9,2,0
2026-01-14 10:00:00,132.5114369622765,10,2,0
2026-01-14 11:00:00,157.05451900733414,11,2,0
2026-01-14 12:00:00,144.96991309250149,12,2,0
2026-01-14 13:00:00,140.52163956496815,13,2,0
2026-01-14 14:00:00,142.3930947459442,14,2,0
2026-01-14 15:00:00,124.66899158846944,15,2,0
2026-01-14 16:00:00,103.12059908526078,16,2,0
2026-01-14 17:00:00,79.0236320565735,17,2,0
2026-01-14 18:00:00,49.93876613576544,18,2,0
2026-01-14 19:00:00,45.51372814257084,19,2,0
2026-01-14 20:00:00,50.379022790968634,20,2,0
2026-01-14 21:00:00,46.61419144243944,21,2,0
2026-01-14 22:00:00,54.87559866708875,22,2,0
2026-01-14 23:00:00,49.26471309248931,23,2,0
2026-01-15 00:00:00,45.87251401603744,0,3,0
2026-01-15 01:00:00,48.393070791735035,1,3,0
2026-01-15 02:00:00,52.064657271378124,2,3,0
2026-01-15 03:00:00,47.18137723598012,3,3,0
2026-01-15 04:00:00,45.888898022167844,4,3,0
2026-01-15 05:00:00,51.21843605745956,5,3,0
2026-01-15 06:00:00,51.22483285554361,6,3,0
2026-01-15 07:00:00,73.34718863339643,7,3,0
2026-01-15 08:00:00,97.64480847190839,8,3,0
2026-01-15 09:00:00,121.87092780544292,9,3,0
2026-01-15 10:00:00,129.36211867095722,10,3,0
2026-01-15 11:00:00,139.55526375702405,11,3,0
2026-01-15 12:00:00,146.40777889373783,12,3,0
2026-01-15 13:00:00,145.5253468703476,13,3,0
2026-01-15 14:00:00,138.1570782064339,14,3,0
2026-01-15 15:00:00,128.08745920340252,15,3,0
2026-01-15 16:00:00,104.2882981160101,16,3,0
2026-01-15 17:00:00,75.08221186043497,17,3,0
2026-01-15 18:00:00,49.90491896048657,18,3,0
2026-01-15 19:00:00,44.987353176810956,19,3,0
2026-01-15 20:00:00,49.90743432003805,20,3,0
2026-01-15 21:00:00,48.55670680539931,21,3,0
2026-01-15 22:00:00,51.613592801690444,22,3,0
2026-01-15 23:00:00,45.86384528223839,23,3,0
2026-01-16 00:00:00,52.59673257120586,0,4,0
2026-01-16 01:00:00,57.66369456501289,1,4,0
2026-01-16 02:00:00,49.45619925771571,2,4,0
2026-01-16 03:00:00,52.00855861049471,3,4,0
2026-01-16 04:00:00,53.45071995855556,4,4,0
2026-01-16 05:00:00,47.99389764057082,5,4,0
2026-01-16 06:00:00,51.12046240905208,6,4,0
2026-01-16 07:00:00,75.94486651416105,7,4,0
2026-01-16 08:00:00,100.48838049274416,8,4,0
2026-01-16 09:00:00,116.84562919937741,9,4,0
2026-01-16 10:00:00,136.72509124973857,10,4,0
2026-01-16 11:00:00,149.08257408513407,11,4,0
2026-01-16 12:00:00,157.2557180389752,12,4,0
2026-01-16 13:00:00,151.38893675933286,13,4,0
2026-01-16 14:00:00,147.36845266600164,14,4,0
2026-01-16 15:00:00,116.87394030421451,15,4,0
2026-01-16 16:00:00,104.36160318360339,16,4,0
2026-01-16 17:00:00,76.79861453894385,17,4,0
2026-01-16 18:00:00,60.949014666088374,18,4,0
2026-01-16 19:00:00,45.95850857322424,19,4,0
2026-01-16 20:00:00,45.80139078909612,20,4,0
2026-01-16 21:00:00,47.003036772779886,21,4,0
2026-01-16 22:00:00,39.380521378450965,22,4,0
2026-01-16 23:00:00,47.37122489159619,23,4,0
2026-01-17 00:00:00,16.20433669223151,0,5,1
2026-01-17 01:00:00,20.75196893238104,1,5,1
2026-01-17 02:00:00,21.708779878885796,2,5,1
2026-01-17 03:00:00,29.380854196079433,3,5,1
2026-01-17 04:00:00,24.75211919093025,4,5,1
2026-01-17 05:00:00,17.115481721687985,5,5,1
2026-01-17 06:00:00,15.50792664325821,6,5,1
2026-01-17 07:00:00,25.047786308557733,7,5,1
2026-01-17 08:00:00,18.398833964896788,8,5,1
2026-01-17 09:00:00,36.22836164113724,9,5,1
2026-01-17 10:00:00,34.55745464145082,10,5,1
2026-01-17 11:00:00,27.313380002367158,11,5,1
2026-01-17 12:00:00,21.43432735454561,12,5,1
2026-01-17 13:00:00,36.42862013371775,13,5,1
2026-01-17 14:00:00,28.0875548115813,14,5,1
2026-01-17 15:00:00,33.26014937173279,15,5,1
2026-01-17 16:00:00,17.027861706028165,16,5,1
2026-01-17 17:00:00,19.591315336256343,17,5,1
2026-01-17 18:00:00,20.026218498590914,18,5,1
2026-01-17 19:00:00,20.23490296882371,19,5,1
2026-01-17 20:00:00,17.74967264260378,20,5,1
2026-01-17 21:00:00,23.114249661737492,21,5,1
2026-01-17 22:00:00,14.661897853087028,22,5,1
2026-01-17 23:00:00,19.288102574893532,23,5,1
2026-01-18 00:00:00,20.601478158559495,0,6,1
2026-01-18 01:00:00,22.572194170293745,1,6,1
2026-01-18 02:00:00,23.558074390444446,2,6,1
2026-01-18 03:00:00,14.376789540810655,3,6,1
2026-01-18 04:00:00,12.329429146321889,4,6,1
2026-01-18 05:00:00,26.388384109492545,5,6,1
2026-01-18 06:00:00,21.661570059897958,6,6,1
2026-01-18 07:00:00,18.845757768242436,7,6,1
2026-01-18 08:00:00,32.75575987761262,8,6,1
2026-01-18 09:00:00,27.649440983329768,9,6,1
2026-01-18 10:00:00,34.55673995816352,10,6,1
2026-01-18 11:00:00,29.996850669941225,11,6,1
2026-01-18 12:00:00,40.303739624409936,12,6,1
2026-01-18 13:00:00,38.435962475106706,13,6,1
2026-01-18 14:00:00,27.41543329544902,14,6,1
2026-01-18 15:00:00,31.928922566637254,15,6,1
2026-01-18 16:00:00,28.226879747925736,16,6,1
2026-01-18 17:00:00,29.43134823868695,17,6,1
2026-01-18 18:00:00,15.175382697099478,18,6,1
2026-01-18 19:00:00,23.430257299992196,19,6,1
2026-01-18 20:00:00,25.29212243424794,20,6,1
2026-01-18 21:00:00,11.206302567884428,21,6,1
2026-01-18 22:00:00,14.083707436671125,22,6,1
2026-01-18 23:00:00,9.803839111199498,23,6,1
2026-01-19 00:00:00,48.65296582777721,0,0,0
2026-01-19 01:00:00,53.58771127897981,1,0,0
2026-01-19 02:00:00,57.51178526048014,2,0,0
2026-01-19 03:00:00,50.37047390209887,3,0,0
2026-01-19 04:00:00,58.14307772785646,4,0,0
2026-01-19 05:00:00,43.099492708925546,5,0,0
2026-01-19 06:00:00,41.48308780322422,6,0,0
2026-01-19 07:00:00,75.60416601576898,7,0,0
2026-01-19 08:00:00,101.92032724469654,8,0,0
2026-01-19 09:00:00,120.54720437818428,9,0,0
2026-01-19 10:00:00,126.26532987824447,10,0,0
2026-01-19 11:00:00,146.14698243134288,11,0,0
2026-01-19 12:00:00,143.47765249747573,12,0,0
2026-01-19 13:00:00,149.94094537305702,13,0,0
2026-01-19 14:00:00,138.43553160892813,14,0,0
2026-01-19 15:00:00,116.01127918701798,15,0,0
2026-01-19 16:00:00,97.43066541331653,16,0,0
2026-01-19 17:00:00,70.58583690080734,17,0,0
2026-01-19 18:00:00,49.68660451363416,18,0,0
2026-01-19 19:00:00,54.77571160250619,19,0,0
2026-01-19 20:00:00,45.071369768322285,20,0,0
2026-01-19 21:00:00,52.52023257758922,21,0,0
2026-01-19 22:00:00,47.348711908137794,22,0,0
2026-01-19 23:00:00,46.03563583868828,23,0,0
2026-01-20 00:00:00,49.46484820022721,0,1,0
2026-01-20 01:00:00,44.82378838790313,1,1,0
2026-01-20 02:00:00,47.23175347326409,2,1,0
2026-01-20 03:00:00,44.010610537055754,3,1,0
2026-01-20 04:00:00,59.82362566458195,4,1,0
2026-01-20 05:00:00,50.17631775985864,5,1,0
2026-01-20 06:00:00,46.501372460037075,6,1,0
2026-01-20 07:00:00,76.95180406392318,7,1,0
2026-01-20 08:00:00,99.43835975154585,8,1,0
2026-01-20 09:00:00,119.60583012098863,9,1,0
2026-01-20 10:00:00,139.67337387866098,10,1,0
2026-01-20 11:00:00,150.38012117914334,11,1,0
2026-01-20 12:00:00,147.34749426194736,12,1,0
2026-01-20 13:00:00,143.71349142568343,13,1,0
2026-01-20 14:00:00,135.22728189268565,14,1,0
2026-01-20 15:00:00,109.20107229497683,15,1,0
2026-01-20 16:00:00,92.42404468900725,16,1,0
2026-01-20 17:00:00,82.71627584747472,17,1,0
2026-01-20 18:00:00,58.22483856750643,18,1,0
2026-01-20 19:00:00,48.75481980221811,19,1,0
2026-01-20 20:00:00,52.88278481527883,20,1,0
2026-01-20 21:00:00,51.55625077271768,21,1,0
2026-01-20 22:00:00,65.3944040422762,22,1,0
2026-01-20 23:00:00,55.59787455717289,23,1,0
2026-01-21 00:00:00,49.36041204259617,0,2,0
2026-01-21 01:00:00,45.22229779699787,1,2,0
2026-01-21 02:00:00,41.96776839871214,2,2,0
2026-01-21 03:00:00,51.017318179336115,3,2,0
2026-01-21 04:00:00,46.21824627357849,4,2,0
2026-01-21 05:00:00,42.888731452011626,5,2,0
2026-01-21 06:00:00,46.76713557878737,6,2,0
2026-01-21 07:00:00,70.4741644921801,7,2,0
2026-01-21 08:00:00,108.43570817536282,8,2,0
2026-01-21 09:00:00,125.118876903402,9,2,0
2026-01-21 10:00:00,136.56267717186077,10,2,0
2026-01-21 11:00:00,153.99230332335696,11,2,0
2026-01-21 12:00:00,150.3868415382381,12,2,0
2026-01-21 13:00:00,142.2861616222655,13,2,0
2026-01-21 14:00:00,144.21816076479217,14,2,0
2026-01-21 15:00:00,123.40522833707804,15,2,0
2026-01-21 16:00:00,94.81376922836772,16,2,0
2026-01-21 17:00:00,74.93021111983406,17,2,0
2026-01-21 18:00:00,45.621908733076225,18,2,0
2026-01-21 19:00:00,43.08600134517832,19,2,0
2026-01-21 20:00:00,54.630887737658206,20,2,0
2026-01-21 21:00:00,59.54708320235065,21,2,0
2026-01-21 22:00:00,43.00716213090429,22,2,0
2026-01-21 23:00:00,52.81484618345286,23,2,0
2026-01-22 00:00:00,46.746787154390866,0,3,0
2026-01-22 01:00:00,47.56437308117652,1,3,0
2026-01-22 02:00:00,47.03803037880566,2,3,0
2026-01-22 03:00:00,45.68004615160092,3,3,0
2026-01-22 04:00:00,50.24260813972413,4,3,0
2026-01-22 05:00:00,45.845249417944814,5,3,0
2026-01-22 06:00:00,51.35228412889919,6,3,0
2026-01-22 07:00:00,75.63071396300639,7,3,0
2026-01-22 08:00:00,98.80525976566796,8,3,0
2026-01-22 09:00:00,116.17285980844674,9,3,0
2026-01-22 10:00:00,133.71868372560218,10,3,0
2026-01-22 11:00:00,150.36953875803562,11,3,0
2026-01-22 12:00:00,152.5045859381219,12,3,0
2026-01-22 13:00:00,141.70480640491408,13,3,0
2026-01-22 14:00:00,137.09920190559,14,3,0
2026-01-22 15:00:00,124.4676137355137,15,3,0
2026-01-22 16:00:00,91.65297359439315,16,3,0
2026-01-22 17:00:00,78.59870547215178,17,3,0
2026-01-22 18:00:00,46.68688120527078,18,3,0
2026-01-22 19:00:00,52.852993342965796,19,3,0
2026-01-22 20:00:00,46.18370421728741,20,3,0
2026-01-22 21:00:00,40.9755894966774,21,3,0
2026-01-22 22:00:00,41.862287810584185,22,3,0
2026-01-22 23:00:00,50.24042473330691,23,3,0
2026-01-23 00:00:00,51.29861250860741,0,4,0
2026-01-23 01:00:00,45.47841687447796,1,4,0
2026-01-23 02:00:00,53.19296229388687,2,4,0
2026-01-23 03:00:00,41.6923996886552,3,4,0
2026-01-23 04:00:00,49.669601006763415,4,4,0
2026-01-23 05:00:00,43.94491900118772,5,4,0
2026-01-23 06:00:00,46.7408194609892,6,4,0
2026-01-23 07:00:00,76.11889786683415,7,4,0
2026-01-23 08:00:00,95.69793317358024,8,4,0
2026-01-23 09:00:00,118.78790039750561,9,4,0
2026-01-23 10:00:00,141.63400442451606,10,4,0
2026-01-23 11:00:00,143.70812328129108,11,4,0
2026-01-23 12:00:00,154.1784605603257,12,4,0
2026-01-23 13:00:00,140.94404835561875,13,4,0
2026-01-23 14:00:00,139.25156126802028,14,4,0
2026-01-23 15:00:00,127.91852122194426,15,4,0
2026-01-23 16:00:00,87.64177749936356,16,4,0
2026-01-23 17:00:00,71.89742823289971,17,4,0
2026-01-23 18:00:00,52.885360635902714,18,4,0
2026-01-23 19:00:00,48.984773069785035,19,4,0
2026-01-23 20:00:00,51.85572936685654,20,4,0
2026-01-23 21:00:00,46.9800740664209,21,4,0
2026-01-23 22:00:00,50.4329489373645,22,4,0
2026-01-23 23:00:00,49.221613823039604,23,4,0
2026-01-24 00:00:00,25.838910308299035,0,5,1
2026-01-24 01:00:00,21.272104216506065,1,5,1
2026-01-24 02:00:00,21.68801331037601,2,5,1
2026-01-24 03:00:00,17.940615169387662,3,5,1
2026-01-24 04:00:00,17.561968879637533,4,5,1
2026-01-24 05:00:00,17.837209060901895,5,5,1
2026-01-24 06:00:00,21.972260711891483,6,5,1
2026-01-24 07:00:00,20.48326804692389,7,5,1
2026-01-24 08:00:00,26.448874284482063,8,5,1
2026-01-24 09:00:00,37.44807180509267,9,5,1
2026-01-24 10:00:00,33.015877555002845,10,5,1
2026-01-24 11:00:00,28.029140602051477,11,5,1
2026-01-24 12:00:00,36.00606961081972,12,5,1
2026-01-24 13:00:00,27.618881397782925,13,5,1
2026-01-24 14:00:00,18.46963136195512,14,5,1
2026-01-24 15:00:00,22.030636257278456,15,5,1
2026-01-24 16:00:00,15.646040394870722,16,5,1
2026-01-24 17:00:00,20.830623030818664,17,5,1
2026-01-24 18:00:00,20.092091895947757,18,5,1
2026-01-24 19:00:00,28.382186561376415,19,5,1
2026-01-24 20:00:00,21.634636868820813,20,5,1
2026-01-24 21:00:00,18.90449735595568,21,5,1
2026-01-24 22:00:00,24.147027905917447,22,5,1
2026-01-24 23:00:00,8.944323454960575,23,5,1
2026-01-25 00:00:00,21.178072790542828,0,6,1
2026-01-25 01:00:00,23.854325969434832,1,6,1
2026-01-25 02:00:00,12.607068771100792,2,6,1
2026-01-25 03:00:00,25.718770216034645,3,6,1
2026-01-25 04:00:00,21.69248203747207,4,6,1
2026-01-25 05:00:00,17.923560430495993,5,6,1
2026-01-25 06:00:00,23.163909330531425,6,6,1
2026-01-25 07:00:00,33.941654740047184,7,6,1
2026-01-25 08:00:00,25.909331275292477,8,6,1
2026-01-25 09:00:00,28.312170743367155,9,6,1
2026-01-25 10:00:00,26.363449540143165,10,6,1
2026-01-25 11:00:00,25.410036415566722,11,6,1
2026-01-25 12:00:00,34.15167908272123,12,6,1
2026-01-25 13:00:00,25.378839133346347,13,6,1
2026-01-25 14:00:00,29.018085223941352,14,6,1
2026-01-25 15:00:00,24.682780578039893,15,6,1
2026-01-25 16:00:00,27.39489912873196,16,6,1
2026-01-25 17:00:00,24.25650097745995,17,6,1
2026-01-25 18:00:00,25.187699721289498,18,6,1
2026-01-25 19:00:00,17.449918005726264,19,6,1
2026-01-25 20:00:00,18.650625323533145,20,6,1
2026-01-25 21:00:00,15.106181421088463,21,6,1
2026-01-25 22:00:00,17.778533699619445,22,6,1
2026-01-25 23:00:00,21.88650246522426,23,6,1
2026-01-26 00:00:00,53.78494308322676,0,0,0
2026-01-26 01:00:00,45.389173379111874,1,0,0
2026-01-26 02:00:00,54.3480296005283,2,0,0
2026-01-26 03:00:00,56.778189294024756,3,0,0
2026-01-26 04:00:00,52.067174516118506,4,0,0
2026-01-26 05:00:00,59.38397906279033,5,0,0
2026-01-26 06:00:00,46.13105400448214,6,0,0
2026-01-26 07:00:00,69.65863099369498,7,0,0
2026-01-26 08:00:00,91.10639875547861,8,0,0
2026-01-26 09:00:00,128.19089967610066,9,0,0
2026-01-26 10:00:00,139.87436866021415,10,0,0
2026-01-26 11:00:00,146.31465927435454,11,0,0
2026-01-26 12:00:00,151.3998431315991,12,0,0
2026-01-26 13:00:00,140.96513739241493,13,0,0
2026-01-26 14:00:00,148.831300276528,14,0,0
2026-01-26 15:00:00,121.3567840285309,15,0,0
2026-01-26 16:00:00,100.54697397302446,16,0,0
2026-01-26 17:00:00,79.51073762974556,17,0,0
2026-01-26 18:00:00,52.40504615868358,18,0,0
2026-01-26 19:00:00,51.119420121395656,19,0,0
2026-01-26 20:00:00,46.04762772277344,20,0,0
2026-01-26 21:00:00,52.35734178567998,21,0,0
2026-01-26 22:00:00,59.41012248237517,22,0,0
2026-01-26 23:00:00,56.72710023077489,23,0,0
2026-01-27 00:00:00,57.965933133196984,0,1,0
2026-01-27 01:00:00,47.443921617844076,1,1,0
2026-01-27 02:00:00,45.0519758987071,2,1,0
2026-01-27 03:00:00,49.37106539950176,3,1,0
2026-01-27 04:00:00,50.27862456144347,4,1,0
2026-01-27 05:00:00,55.47095759235474,5,1,0
2026-01-27 06:00:00,41.5376768514259,6,1,0
2026-01-27 07:00:00,83.52965610755514,7,1,0
2026-01-27 08:00:00,99.20996050710505,8,1,0
2026-01-27 09:00:00,118.57627276891765,9,1,0
2026-01-27 10:00:00,131.542018502143,10,1,0
2026-01-27 11:00:00,138.31829926957798,11,1,0
2026-01-27 12:00:00,154.11585291980958,12,1,0
2026-01-27 13:00:00,146.95917246484885,13,1,0
2026-01-27 14:00:00,130.1527358797386,14,1,0
2026-01-27 15:00:00,114.23528425833668,15,1,0
2026-01-27 16:00:00,98.32107650354936,16,1,0
2026-01-27 17:00:00,84.22701213669906,17,1,0
2026-01-27 18:00:00,48.70204324318199,18,1,0
2026-01-27 19:00:00,42.48428523440947,19,1,0
2026-01-27 20:00:00,48.77128467957028,20,1,0
2026-01-27 21:00:00,48.63638215126165,21,1,0
2026-01-27 22:00:00,36.515566785292144,22,1,0
2026-01-27 23:00:00,49.72852566741094,23,1,0
2026-01-28 00:00:00,48.84532734895661,0,2,0
2026-01-28 01:00:00,53.48103182406709,1,2,0
2026-01-28 02:00:00,59.244780474726724,2,2,0
2026-01-28 03:00:00,55.632825147738785,3,2,0
2026-01-28 04:00:00,48.65555654722585,4,2,0
2026-01-28 05:00:00,44.46737045629165,5,2,0
2026-01-28 06:00:00,62.8667990162493,6,2,0
2026-01-28 07:00:00,76.17799668032451,7,2,0
2026-01-28 08:00:00,100.06964645956474,8,2,0
2026-01-28 09:00:00,120.59005268310473,9,2,0
2026-01-28 10:00:00,137.5929641822831,10,2,0
2026-01-28 11:00:00,145.87078056928712,11,2,0
2026-01-28 12:00:00,147.1316899655988,12,2,0
2026-01-28 13:00:00,143.85828792270487,13,2,0
2026-01-28 14:00:00,136.43877402736388,14,2,0
2026-01-28 15:00:00,117.99355426298592,15,2,0
2026-01-28 16:00:00,96.43577108661418,16,2,0
2026-01-28 17:00:00,76.41405564871158,17,2,0
2026-01-28 18:00:00,48.725113912895736,18,2,0
2026-01-28 19:00:00,57.51996494291344,19,2,0
2026-01-28 20:00:00,36.74515095803494,20,2,0
2026-01-28 21:00:00,55.45753425961231,21,2,0
2026-01-28 22:00:00,56.23042596248815,22,2,0
2026-01-28 23:00:00,39.63304883795925,23,2,0
2026-01-29 00:00:00,48.28656202959826,0,3,0
2026-01-29 01:00:00,48.142795670021044,1,3,0
2026-01-29 02:00:00,42.96244152641089,2,3,0
2026-01-29 03:00:00,46.110916562045624,3,3,0
2026-01-29 04:00:00,44.44712077267086,4,3,0
2026-01-29 05:00:00,58.761352217118116,5,3,0
2026-01-29 06:00:00,54.678391965737305,6,3,0
2026-01-29 07:00:00,82.23967998522286,7,3,0
2026-01-29 08:00:00,103.60836032021618,8,3,0
2026-01-29 09:00:00,115.0654192625686,9,3,0
2026-01-29 10:00:00,133.97993904704498,10,3,0
2026-01-29 11:00:00,149.03945543504642,11,3,0
2026-01-29 12:00:00,143.88936095554027,12,3,0
2026-01-29 13:00:00,150.15757477976877,13,3,0
2026-01-29 14:00:00,135.4009133876532,14,3,0
2026-01-29 15:00:00,118.83657408090677,15,3,0
2026-01-29 16:00:00,103.55479984101746,16,3,0
2026-01-29 17:00:00,78.1032210676823,17,3,0
2026-01-29 18:00:00,48.19516917090461,18,3,0
2026-01-29 19:00:00,55.79664901682124,19,3,0
2026-01-29 20:00:00,44.59468336200051,20,3,0
2026-01-29 21:00:00,53.07967803472132,21,3,0
2026-01-29 22:00:00,52.96550628984192,22,3,0
2026-01-29 23:00:00,48.45226780343005,23,3,0
2026-01-30 00:00:00,51.63066511121059,0,4,0
2026-01-30 01:00:00,43.74443211807348,1,4,0
2026-01-30 02:00:00,54.6201350960345,2,4,0
2026-01-30 03:00:00,49.075489317785056,3,4,0
2026-01-30 04:00:00,47.3863848974048,4,4,0
2026-01-30 05:00:00,55.245046129184445,5,4,0
2026-01-30 06:00:00,46.4782815472862,6,4,0
2026-01-30 07:00:00,68.83959802843427,7,4,0
2026-01-30 08:00:00,92.21685413238048,8,4,0
2026-01-30 09:00:00,123.74072787538294,9,4,0
2026-01-30 10:00:00,130.20039361596244,10,4,0
2026-01-30 11:00:00,155.36655353882864,11,4,0
2026-01-30 12:00:00,139.59035296058138,12,4,0
2026-01-30 13:00:00,155.07486447035703,13,4,0
2026-01-30 14:00:00,137.65762771445696,14,4,0
2026-01-30 15:00:00,120.2271125593028,15,4,0
2026-01-30 16:00:00,97.27540456595526,16,4,0
2026-01-30 17:00:00,77.87758508201246,17,4,0
2026-01-30 18:00:00,49.81182648787577,18,4,0
2026-01-30 19:00:00,55.51650941008261,19,4,0
2026-01-30 20:00:00,50.5711382433102,20,4,0
2026-01-30 21:00:00,50.751508807309385,21,4,0
2026-01-30 22:00:00,48.18193893893072,22,4,0
2026-01-30 23:00:00,49.71527188139466,23,4,0
2026-01-31 00:00:00,21.539008844460295,0,5,1
2026-01-31 01:00:00,11.449158036716874,1,5,1
2026-01-31 02:00:00,13.259072889471435,2,5,1
2026-01-31 03:00:00,23.716320470113576,3,5,1
2026-01-31 04:00:00,20.854327190639708,4,5,1
2026-01-31 05:00:00,19.080083318236603,5,5,1
2026-01-31 06:00:00,20.092169665326967,6,5,1
2026-01-31 07:00:00,24.32609897783356,7,5,1
2026-01-31 08:00:00,22.301201598453193,8,5,1
2026-01-31 09:00:00,23.179544184853913,9,5,1
2026-01-31 10:00:00,29.639480313332793,10,5,1
2026-01-31 11:00:00,24.76739437481552,11,5,1
2026-01-31 12:00:00,32.04126377857236,12,5,1
2026-01-31 13:00:00,21.14634024170148,13,5,1
2026-01-31 14:00:00,33.80603222447261,14,5,1
2026-01-31 15:00:00,29.43405522393069,15,5,1
2026-01-31 16:00:00,26.28014867156938,16,5,1
2026-01-31 17:00:00,27.50164537075278,17,5,1
2026-01-31 18:00:00,28.32737222231288,18,5,1
2026-01-31 19:00:00,25.07185032509065,19,5,1
2026-01-31 20:00:00,10.795628843341774,20,5,1
2026-01-31 21:00:00,13.602115166321493,21,5,1
2026-01-31 22:00:00,16.875907111521606,22,5,1
2026-01-31 23:00:00,20.13045525105417,23,5,1
2026-02-01 00:00:00,22.588295102345615,0,6,1
2026-02-01 01:00:00,16.371280934232672,1,6,1
2026-02-01 02:00:00,20.93383382238539,2,6,1
2026-02-01 03:00:00,16.22308533823339,3,6,1
2026-02-01 04:00:00,16.942410985040258,4,6,1
2026-02-01 05:00:00,12.966694515758888,5,6,1
2026-02-01 06:00:00,15.383833769445479,6,6,1
2026-02-01 07:00:00,15.829767422943537,7,6,1
2026-02-01 08:00:00,20.120633735113337,8,6,1
2026-02-01 09:00:00,32.33927679490468,9,6,1
2026-02-01 10:00:00,23.91325959368467,10,6,1
2026-02-01 11:00:00,42.821168587077636,11,6,1
2026-02-01 12:00:00,32.466589504404446,12,6,1
2026-02-01 13:00:00,30.58343888136505,13,6,1
2026-02-01 14:00:00,24.368465136938323,14,6,1
2026-02-01 15:00:00,30.57261720891043,15,6,1
2026-02-01 16:00:00,22.12181086881113,16,6,1
2026-02-01 17:00:00,23.198239524252017,17,6,1
2026-02-01 18:00:00,32.800422691343975,18,6,1
2026-02-01 19:00:00,19.51970050137675,19,6,1
2026-02-01 20:00:00,25.74636663142838,20,6,1
2026-02-01 21:00:00,16.48411787437056,21,6,1
2026-02-01 22:00:00,19.82505754751519,22,6,1
2026-02-01 23:00:00,28.85400317817755,23,6,1
2026-02-02 00:00:00,46.86516471106116,0,0,0
2026-02-02 01:00:00,59.062242789984644,1,0,0
2026-02-02 02:00:00,53.538759677277376,2,0,0
2026-02-02 03:00:00,47.18766612052866,3,0,0
2026-02-02 04:00:00,53.1620386952776,4,0,0
2026-02-02 05:00:00,54.86277224813365,5,0,0
2026-02-02 06:00:00,53.10904981108598,6,0,0
2026-02-02 07:00:00,68.03078091079979,7,0,0
2026-02-02 08:00:00,96.36431412087566,8,0,0
2026-02-02 09:00:00,119.47308494089722,9,0,0
2026-02-02 10:00:00,136.2303732329436,10,0,0
2026-02-02 11:00:00,149.6959431166602,11,0,0
2026-02-02 12:00:00,150.88850500466626,12,0,0
2026-02-02 13:00:00,139.9158608353563,13,0,0
2026-02-02 14:00:00,138.5035296334737,14,0,0
2026-02-02 15:00:00,123.76360684507387,15,0,0
2026-02-02 16:00:00,102.7989522396552,16,0,0
2026-02-02 17:00:00,81.2858081380252,17,0,0
2026-02-02 18:00:00,54.169610772744534,18,0,0
2026-02-02 19:00:00,52.29590039614219,19,0,0
2026-02-02 20:00:00,49.649171442706766,20,0,0
2026-02-02 21:00:00,41.69519533242004,21,0,0
2026-02-02 22:00:00,52.14809109566293,22,0,0
2026-02-02 23:00:00,51.03843843581556,23,0,0
2026-02-03 00:00:00,51.35789418597687,0,1,0
2026-02-03 01:00:00,43.61625712089845,1,1,0
2026-02-03 02:00:00,44.59471729795869,2,1,0
2026-02-03 03:00:00,55.26576426666452,3,1,0
2026-02-03 04:00:00,49.802224230716725,4,1,0
2026-02-03 05:00:00,53.40750348686312,5,1,0
2026-02-03 06:00:00,50.1415918806523,6,1,0
2026-02-03 07:00:00,76.03068520773078,7,1,0
2026-02-03 08:00:00,104.69141902988,8,1,0
2026-02-03 09:00:00,118.13045447756787,9,1,0
2026-02-03 10:00:00,137.08314426314877,10,1,0
2026-02-03 11:00:00,144.28120618538162,11,1,0
2026-02-03 12:00:00,147.82751886283842,12,1,0
2026-02-03 13:00:00,145.04672201156362,13,1,0
2026-02-03 14:00:00,137.71320923661244,14,1,0
2026-02-03 15:00:00,118.31693501033737,15,1,0
2026-02-03 16:00:00,106.2787806278676,16,1,0
2026-02-03 17:00:00,71.40886799915458,17,1,0
2026-02-03 18:00:00,49.06564177919322,18,1,0
2026-02-03 19:00:00,47.801344708629124,19,1,0
2026-02-03 20:00:00,57.23488942176866,20,1,0
2026-02-03 21:00:00,50.98277388255787,21,1,0
2026-02-03 22:00:00,55.159222697343175,22,1,0
2026-02-03 23:00:00,42.57219813481514,23,1,0
2026-02-04 00:00:00,51.33525132934629,0,2,0
2026-02-04 01:00:00,54.44815397811718,1,2,0
2026-02-04 02:00:00,50.41141994637712,2,2,0
2026-02-04 03:00:00,55.32740187532676,3,2,0
2026-02-04 04:00:00,47.41355774949814,4,2,0
2026-02-04 05:00:00,57.0467372009279,5,2,0
2026-02-04 06:00:00,61.49449061809625,6,2,0
2026-02-04 07:00:00,74.06771170805378,7,2,0
2026-02-04 08:00:00,97.77248739299614,8,2,0
2026-02-04 09:00:00,127.97760050424324,9,2,0
2026-02-04 10:00:00,144.50040110709742,10,2,0
2026-02-04 11:00:00,143.97828249314048,11,2,0
2026-02-04 12:00:00,147.89906591452072,12,2,0
2026-02-04 13:00:00,145.1836595846043,13,2,0
2026-02-04 14:00:00,129.88028782327248,14,2,0
2026-02-04 15:00:00,116.11741838623377,15,2,0
2026-02-04 16:00:00,94.97929616623966,16,2,0
2026-02-04 17:00:00,72.04291668473145,17,2,0
2026-02-04 18:00:00,49.82657556306611,18,2,0
2026-02-04 19:00:00,51.1710736626826,19,2,0
2026-02-04 20:00:00,57.75250246407038,20,2,0
2026-02-04 21:00:00,45.00822979630605,21,2,0
2026-02-04 22:00:00,54.92161199238292,22,2,0
2026-02-04 23:00:00,48.93005577887246,23,2,0
2026-02-05 00:00:00,49.752681451737836,0,3,0
2026-02-05 01:00:00,53.37409746083302,1,3,0
2026-02-05 02:00:00,44.386389892188504,2,3,0
2026-02-05 03:00:00,51.912048730920255,3,3,0
2026-02-05 04:00:00,50.83226104106528,4,3,0
2026-02-05 05:00:00,52.462256320040744,5,3,0
2026-02-05 06:00:00,51.44584321953909,6,3,0
2026-02-05 07:00:00,88.15840520980655,7,3,0
2026-02-05 08:00:00,96.81130007874341,8,3,0
2026-02-05 09:00:00,118.05569334364566,9,3,0
2026-02-05 10:00:00,133.48683774632002,10,3,0
2026-02-05 11:00:00,143.81519703310556,11,3,0
2026-02-05 12:00:00,146.81306436346742,12,3,0
2026-02-05 13:00:00,152.53766528444459,13,3,0
2026-02-05 14:00:00,143.70506161839316,14,3,0
2026-02-05 15:00:00,117.85694664990737,15,3,0
2026-02-05 16:00:00,95.83822213447885,16,3,0
2026-02-05 17:00:00,78.23898229218412,17,3,0
2026-02-05 18:00:00,47.23888477859516,18,3,0
2026-02-05 19:00:00,53.164659088777555,19,3,0
2026-02-05 20:00:00,51.0146151042565,20,3,0
2026-02-05 21:00:00,42.42127942501384,21,3,0
2026-02-05 22:00:00,57.737526006650306,22,3,0
2026-02-05 23:00:00,58.97938836547761,23,3,0
2026-02-06 00:00:00,46.93605654757807,0,4,0
2026-02-06 01:00:00,48.06149220032008,1,4,0
2026-02-06 02:00:00,51.429326953624525,2,4,0
2026-02-06 03:00:00,51.67228394993513,3,4,0
2026-02-06 04:00:00,53.29272136336415,4,4,0
2026-02-06 05:00:00,60.05102269383175,5,4,0
2026-02-06 06:00:00,49.11526386252975,6,4,0
2026-02-06 07:00:00,71.8904182875598,7,4,0
2026-02-06 08:00:00,93.10340385992737,8,4,0
2026-02-06 09:00:00,117.05602791894515,9,4,0
2026-02-06 10:00:00,136.43690551407485,10,4,0
2026-02-06 11:00:00,155.56537194649576,11,4,0
2026-02-06 12:00:00,147.41194350481913,12,4,0
2026-02-06 13:00:00,147.71152238710133,13,4,0
2026-02-06 14:00:00,136.5204258980801,14,4,0
2026-02-06 15:00:00,126.65264448589518,15,4,0
2026-02-06 16:00:00,112.63466212936811,16,4,0
2026-02-06 17:00:00,73.2275606456505,17,4,0
2026-02-06 18:00:00,47.5528027874089,18,4,0
2026-02-06 19:00:00,55.22080438534536,19,4,0
2026-02-06 20:00:00,53.409457448131555,20,4,0
2026-02-06 21:00:00,59.23353662868017,21,4,0
2026-02-06 22:00:00,52.91964092662982,22,4,0
2026-02-06 23:00:00,48.203539546064704,23,4,0
2026-02-07 00:00:00,22.953274153461546,0,5,1
2026-02-07 01:00:00,25.543517902914537,1,5,1
2026-02-07 02:00:00,24.102410905986822,2,5,1
2026-02-07 03:00:00,22.53637015553649,3,5,1
2026-02-07 04:00:00,25.333373447945768,4,5,1
2026-02-07 05:00:00,25.846477952228362,5,5,1
2026-02-07 06:00:00,26.910794955187637,6,5,1
2026-02-07 07:00:00,25.83173988897342,7,5,1
2026-02-07 08:00:00,24.164409598415727,8,5,1
2026-02-07 09:00:00,27.80463624403209,9,5,1
2026-02-07 10:00:00,34.69279887038617,10,5,1
2026-02-07 11:00:00,25.5745799079545,11,5,1
2026-02-07 12:00:00,31.843366544364507,12,5,1
2026-02-07 13:00:00,27.692564201253877,13,5,1
2026-02-07 14:00:00,28.803978152518475,14,5,1
2026-02-07 15:00:00,33.463327124901966,15,5,1
2026-02-07 16:00:00,25.955495340099517,16,5,1
2026-02-07 17:00:00,22.820373191805952,17,5,1
2026-02-07 18:00:00,13.200719295100404,18,5,1
2026-02-07 19:00:00,23.731267830136105,19,5,1
2026-02-07 20:00:00,23.227420905705376,20,5,1
2026-02-07 21:00:00,30.8162736165273,21,5,1
2026-02-07 22:00:00,18.461108825234998,22,5,1
2026-02-07 23:00:00,21.095751638319694,23,5,1
2026-02-08 00:00:00,21.246918418553776,0,6,1
2026-02-08 01:00:00,27.887266398817374,1,6,1
2026-02-08 02:00:00,19.523522338065238,2,6,1
2026-02-08 03:00:00,21.395107628851697,3,6,1
2026-02-08 04:00:00,23.039482548582697,4,6,1
2026-02-08 05:00:00,20.93304561578179,5,6,1
2026-02-08 06:00:00,17.767831927247357,6,6,1
2026-02-08 07:00:00,23.558640415516745,7,6,1
2026-02-08 08:00:00,30.36815874929886,8,6,1
2026-02-08 09:00:00,21.938491314810175,9,6,1
2026-02-08 10:00:00,29.325102408578765,10,6,1
2026-02-08 11:00:00,26.158654188194816,11,6,1
2026-02-08 12:00:00,35.97523314462421,12,6,1
2026-02-08 13:00:00,22.043323738971807,13,6,1
2026-02-08 14:00:00,25.865644801486447,14,6,1
2026-02-08 15:00:00,28.957127187188078,15,6,1
2026-02-08 16:00:00,32.827620146171704,16,6,1
2026-02-08 17:00:00,22.25943914566027,17,6,1
2026-02-08 18:00:00,17.22400236653401,18,6,1
2026-02-08 19:00:00,29.40578534720295,19,6,1
2026-02-08 20:00:00,12.75993049791878,20,6,1
2026-02-08 21:00:00,9.005970216899591,21,6,1
2026-02-08 22:00:00,22.20007225026666,22,6,1
2026-02-08 23:00:00,17.489728878236946,23,6,1
2026-02-09 00:00:00,44.89383591434643,0,0,0
2026-02-09 01:00:00,53.541782236496765,1,0,0
2026-02-09 02:00:00,51.219003568855996,2,0,0
2026-02-09 03:00:00,47.17960684631636,3,0,0
2026-02-09 04:00:00,43.59847800664553,4,0,0
2026-02-09 05:00:00,54.36228664140072,5,0,0
2026-02-09 06:00:00,53.251005889793305,6,0,0
2026-02-09 07:00:00,75.38602519135516,7,0,0
2026-02-09 08:00:00,109.23318498023833,8,0,0
2026-02-09 09:00:00,115.36025428702398,9,0,0
2026-02-09 10:00:00,128.97491452382016,10,0,0
2026-02-09 11:00:00,143.13304227950061,11,0,0
2026-02-09 12:00:00,149.7720699182225,12,0,0
2026-02-09 13:00:00,147.80927987552028,13,0,0
2026-02-09 14:00:00,135.39636008916221,14,0,0
2026-02-09 15:00:00,122.47095510122624,15,0,0
2026-02-09 16:00:00,93.74230287904778,16,0,0
2026-02-09 17:00:00,83.1007275306184,17,0,0
2026-02-09 18:00:00,49.58924410803717,18,0,0
2026-02-09 19:00:00,55.58647915794064,19,0,0
2026-02-09 20:00:00,51.71362673188852,20,0,0
2026-02-09 21:00:00,52.28376609576892,21,0,0
2026-02-09 22:00:00,52.848836401161016,22,0,0
2026-02-09 23:00:00,52.23854280008658,23,0,0
2026-02-10 00:00:00,53.21361379933772,0,1,0
2026-02-10 01:00:00,56.64576265066216,1,1,0
2026-02-10 02:00:00,50.98260584850735,2,1,0
2026-02-10 03:00:00,53.54501878794256,3,1,0
2026-02-10 04:00:00,49.55132152856387,4,1,0
2026-02-10 05:00:00,57.200586077247365,5,1,0
2026-02-10 06:00:00,46.61803848970365,6,1,0
2026-02-10 07:00:00,84.88660667480615,7,1,0
2026-02-10 08:00:00,99.79921024677829,8,1,0
2026-02-10 09:00:00,113.5568026080645,9,1,0
2026-02-10 10:00:00,137.2430624529978,10,1,0
2026-02-10 11:00:00,143.18732434153242,11,1,0
2026-02-10 12:00:00,154.20321774494363,12,1,0
2026-02-10 13:00:00,143.32946273239486,13,1,0
2026-02-10 14:00:00,134.37162321236997,14,1,0
2026-02-10 15:00:00,111.2629744639271,15,1,0
2026-02-10 16:00:00,97.73846840375461,16,1,0
2026-02-10 17:00:00,63.76250787710732,17,1,0
2026-02-10 18:00:00,42.080485882571395,18,1,0
2026-02-10 19:00:00,53.80207328072149,19,1,0
2026-02-10 20:00:00,53.92900079325416,20,1,0
2026-02-10 21:00:00,52.12728780892483,21,1,0
2026-02-10 22:00:00,45.165119284353935,22,1,0
2026-02-10 23:00:00,49.7614432192901,23,1,0
2026-02-11 00:00:00,49.98198730454716,0,2,0
2026-02-11 01:00:00,44.20817655403729,1,2,0
2026-02-11 02:00:00,57.51699150883575,2,2,0
2026-02-11 03:00:00,54.386811452878355,3,2,0
2026-02-11 04:00:00,48.89517913085168,4,2,0
2026-02-11 05:00:00,50.134429194972654,5,2,0
2026-02-11 06:00:00,51.04191403973776,6,2,0
2026-02-11 07:00:00,65.67323016813062,7,2,0
2026-02-11 08:00:00,98.76411308739702,8,2,0
2026-02-11 09:00:00,117.30075687866575,9,2,0
2026-02-11 10:00:00,131.59444032896926,10,2,0
2026-02-11 11:00:00,145.18708116447706,11,2,0
2026-02-11 12:00:00,158.9884326342476,12,2,0
2026-02-11 13:00:00,149.79679693524187,13,2,0
2026-02-11 14:00:00,133.7466454295299,14,2,0
2026-02-11 15:00:00,123.57359202543554,15,2,0
2026-02-11 16:00:00,106.99677718293,16,2,0
2026-02-11 17:00:00,80.50507292481595,17,2,0
2026-02-11 18:00:00,50.298151849600885,18,2,0
2026-02-11 19:00:00,46.76531611147213,19,2,0
2026-02-11 20:00:00,53.49111656806795,20,2,0
2026-02-11 21:00:00,51.96742692710875,21,2,0
2026-02-11 22:00:00,54.47596610013866,22,2,0
2026-02-11 23:00:00,53.175859008409844,23,2,0
2026-02-12 00:00:00,55.247763576596675,0,3,0
2026-02-12 01:00:00,47.32382394219716,1,3,0
2026-02-12 02:00:00,56.58697032817163,2,3,0
2026-02-12 03:00:00,50.987998023462,3,3,0
2026-02-12 04:00:00,60.37630436312632,4,3,0
2026-02-12 05:00:00,46.55406090955216,5,3,0
2026-02-12 06:00:00,58.67981901582625,6,3,0
2026-02-12 07:00:00,76.87145842756532,7,3,0
2026-02-12 08:00:00,96.74290998192775,8,3,0
2026-02-12 09:00:00,118.29124894838313,9,3,0
2026-02-12 10:00:00,135.00080383747223,10,3,0
2026-02-12 11:00:00,148.7134123609164,11,3,0
2026-02-12 12:00:00,152.61417744017749,12,3,0
2026-02-12 13:00:00,143.72408260921392,13,3,0
2026-02-12 14:00:00,136.48076741713896,14,3,0
2026-02-12 15:00:00,131.42202991171408,15,3,0
2026-02-12 16:00:00,108.63771585050355,16,3,0
2026-02-12 17:00:00,78.06352285862226,17,3,0
2026-02-12 18:00:00,50.190017390841014,18,3,0
2026-02-12 19:00:00,50.600156633591304,19,3,0
2026-02-12 20:00:00,53.06758986365208,20,3,0
2026-02-12 21:00:00,44.886037174007974,21,3,0
2026-02-12 22:00:00,48.71311731288328,22,3,0
2026-02-12 23:00:00,41.65707963061205,23,3,0
2026-02-13 00:00:00,51.9961156130264,0,4,0
2026-02-13 01:00:00,53.2359796985137,1,4,0
2026-02-13 02:00:00,47.58406768850313,2,4,0
2026-02-13 03:00:00,57.869933816450164,3,4,0
2026-02-13 04:00:00,43.8711716849883,4,4,0
2026-02-13 05:00:00,42.6781255989509,5,4,0
2026-02-13 06:00:00,51.12225909279986,6,4,0
2026-02-13 07:00:00,81.11739602331284,7,4,0
2026-02-13 08:00:00,108.41963845728934,8,4,0
2026-02-13 09:00:00,118.41625680431004,9,4,0
2026-02-13 10:00:00,141.99594454560034,10,4,0
2026-02-13 11:00:00,146.40004028140328,11,4,0
2026-02-13 12:00:00,149.1368635002959,12,4,0
2026-02-13 13:00:00,151.0108823163402,13,4,0
2026-02-13 14:00:00,139.86415477051096,14,4,0
2026-02-13 15:00:00,112.82871733373351,15,4,0
2026-02-13 16:00:00,107.38270174862947,16,4,0
2026-02-13 17:00:00,82.78236128098936,17,4,0
2026-02-13 18:00:00,46.872186492452364,18,4,0
2026-02-13 19:00:00,51.979017667187044,19,4,0
2026-02-13 20:00:00,52.47015093141369,20,4,0
2026-02-13 21:00:00,51.303368829119535,21,4,0
2026-02-13 22:00:00,47.2484742307729,22,4,0
2026-02-13 23:00:00,46.641883160309746,23,4,0
2026-02-14 00:00:00,19.872229645042772,0,5,1
2026-02-14 01:00:00,25.86364509629682,1,5,1
2026-02-14 02:00:00,22.71800077297216,2,5,1
2026-02-14 03:00:00,18.14692833956947,3,5,1
2026-02-14 04:00:00,23.858493553241722,4,5,1
2026-02-14 05:00:00,5.757286896849623,5,5,1
2026-02-14 06:00:00,25.743828501860516,6,5,1
2026-02-14 07:00:00,13.889621557134708,7,5,1
2026-02-14 08:00:00,23.18779529298434,8,5,1
2026-02-14 09:00:00,21.472718338734758,9,5,1
2026-02-14 10:00:00,22.18684665923986,10,5,1
2026-02-14 11:00:00,35.46339219978328,11,5,1
2026-02-14 12:00:00,27.661493993440544,12,5,1
2026-02-14 13:00:00,31.39177767154426,13,5,1
2026-02-14 14:00:00,28.42565114344847,14,5,1
2026-02-14 15:00:00,29.456271947981083,15,5,1
2026-02-14 16:00:00,25.384109455301278,16,5,1
2026-02-14 17:00:00,16.17322933008236,17,5,1
2026-02-14 18:00:00,24.9813340972357,18,5,1
2026-02-14 19:00:00,17.531217084193436,19,5,1
2026-02-14 20:00:00,12.217090506701245,20,5,1
2026-02-14 21:00:00,17.859424195170437,21,5,1
2026-02-14 22:00:00,27.503798953171554,22,5,1
2026-02-14 23:00:00,24.251108710567465,23,5,1
2026-02-15 00:00:00,18.256739327960705,0,6,1
2026-02-15 01:00:00,18.253711478407855,1,6,1
2026-02-15 02:00:00,18.391824743913087,2,6,1
2026-02-15 03:00:00,30.383739917804206,3,6,1
2026-02-15 04:00:00,21.909677261157768,4,6,1
2026-02-15 05:00:00,22.150208235955347,5,6,1
2026-02-15 06:00:00,25.15141727015921,6,6,1
2026-02-15 07:00:00,23.782136246157773,7,6,1
2026-02-15 08:00:00,23.704789270896484,8,6,1
2026-02-15 09:00:00,26.089318566440586,9,6,1
2026-02-15 10:00:00,28.302247740774067,10,6,1
2026-02-15 11:00:00,29.473147080341473,11,6,1
2026-02-15 12:00:00,33.6381477181849,12,6,1
2026-02-15 13:00:00,29.918987691927178,13,6,1
2026-02-15 14:00:00,32.323454423922286,14,6,1
2026-02-15 15:00:00,26.667484911322564,15,6,1
2026-02-15 16:00:00,25.393175951580453,16,6,1
2026-02-15 17:00:00,12.59718702836467,17,6,1
2026-02-15 18:00:00,24.58163837351241,18,6,1
2026-02-15 19:00:00,21.732442379489964,19,6,1
2026-02-15 20:00:00,24.99005054929826,20,6,1
2026-02-15 21:00:00,5.518723109031553,21,6,1
2026-02-15 22:00:00,30.441873523903638,22,6,1
2026-02-15 23:00:00,19.302051859224132,23,6,1
2026-02-16 00:00:00,55.54091408368758,0,0,0
2026-02-16 01:00:00,44.800470364372345,1,0,0
2026-02-16 02:00:00,53.063869525312846,2,0,0
2026-02-16 03:00:00,44.732922184131716,3,0,0
2026-02-16 04:00:00,46.88115519652097,4,0,0
2026-02-16 05:00:00,59.570156769333934,5,0,0
2026-02-16 06:00:00,49.04658799618327,6,0,0
2026-02-16 07:00:00,76.96906887615069,7,0,0
2026-02-16 08:00:00,104.35033865344377,8,0,0
2026-02-16 09:00:00,123.18908755851777,9,0,0
2026-02-16 10:00:00,137.35463490416174,10,0,0
2026-02-16 11:00:00,148.41738764123795,11,0,0
2026-02-16 12:00:00,162.01707792619138,12,0,0
2026-02-16 13:00:00,146.3044886437389,13,0,0
2026-02-16 14:00:00,137.6080356120187,14,0,0
2026-02-16 15:00:00,125.96395009869282,15,0,0
2026-02-16 16:00:00,105.52762966478991,16,0,0
2026-02-16 17:00:00,81.817056038054,17,0,0
2026-02-16 18:00:00,53.193651110145936,18,0,0
2026-02-16 19:00:00,44.28497543634758,19,0,0
2026-02-16 20:00:00,58.16715766150548,20,0,0
2026-02-16 21:00:00,44.26827303490656,21,0,0
2026-02-16 22:00:00,51.51317732619517,22,0,0
2026-02-16 23:00:00,46.22862074990321,23,0,0
2026-02-17 00:00:00,49.67930826703504,0,1,0
2026-02-17 01:00:00,51.6438120515174,1,1,0
2026-02-17 02:00:00,51.606786077251364,2,1,0
2026-02-17 03:00:00,52.109603771176424,3,1,0
2026-02-17 04:00:00,58.06855634529323,4,1,0
2026-02-17 05:00:00,52.2676715075699,5,1,0
2026-02-17 06:00:00,48.779216823546754,6,1,0
2026-02-17 07:00:00,80.70234035169386,7,1,0
2026-02-17 08:00:00,105.9473524446232,8,1,0
2026-02-17 09:00:00,114.57263904296978,9,1,0
2026-02-17 10:00:00,139.58954072769313,10,1,0
2026-02-17 11:00:00,150.09844634046132,11,1,0
2026-02-17 12:00:00,148.51218248320004,12,1,0
2026-02-17 13:00:00,153.47111669546493,13,1,0
2026-02-17 14:00:00,135.85226244328123,14,1,0
2026-02-17 15:00:00,121.33856038601247,15,1,0
2026-02-17 16:00:00,99.13464087858065,16,1,0
2026-02-17 17:00:00,75.95979974815944,17,1,0
2026-02-17 18:00:00,44.51862456552401,18,1,0
2026-02-17 19:00:00,42.799745587028525,19,1,0
2026-02-17 20:00:00,57.97252531612486,20,1,0
2026-02-17 21:00:00,45.76519325840836,21,1,0
2026-02-17 22:00:00,45.04303825271846,22,1,0
2026-02-17 23:00:00,39.23304943198143,23,1,0
2026-02-18 00:00:00,46.80519126155249,0,2,0
2026-02-18 01:00:00,43.384551032962506,1,2,0
2026-02-18 02:00:00,58.21007580068185,2,2,0
2026-02-18 03:00:00,55.04908544671317,3,2,0
2026-02-18 04:00:00,46.55924827411138,4,2,0
2026-02-18 05:00:00,61.26217902672154,5,2,0
2026-02-18 06:00:00,54.90882743495797,6,2,0
2026-02-18 07:00:00,74.25774759270895,7,2,0
2026-02-18 08:00:00,87.50297142563214,8,2,0
2026-02-18 09:00:00,132.16539098160845,9,2,0
2026-02-18 10:00:00,129.65467804462588,10,2,0
2026-02-18 11:00:00,138.36558889412237,11,2,0
2026-02-18 12:00:00,155.1128521600482,12,2,0
2026-02-18 13:00:00,158.7913446606032,13,2,0
2026-02-18 14:00:00,143.52390447099646,14,2,0
2026-02-18 15:00:00,123.53022371891656,15,2,0
2026-02-18 16:00:00,102.97377170832642,16,2,0
2026-02-18 17:00:00,80.14898230415363,17,2,0
2026-02-18 18:00:00,53.79464294893384,18,2,0
2026-02-18 19:00:00,51.40595711984688,19,2,0
2026-02-18 20:00:00,50.52100551975938,20,2,0
2026-02-18 21:00:00,49.68703436050239,21,2,0
2026-02-18 22:00:00,46.230177055666616,22,2,0
2026-02-18 23:00:00,48.59662461566613,23,2,0
2026-02-19 00:00:00,41.535215929023074,0,3,0
2026-02-19 01:00:00,49.50830186602625,1,3,0
2026-02-19 02:00:00,45.057044464245415,2,3,0
2026-02-19 03:00:00,44.48205341392114,3,3,0
2026-02-19 04:00:00,50.89947075576739,4,3,0
2026-02-19 05:00:00,56.960011431723,5,3,0
2026-02-19 06:00:00,54.59158303001156,6,3,0
2026-02-19 07:00:00,68.02940149213619,7,3,0
2026-02-19 08:00:00,95.05185931714831,8,3,0
2026-02-19 09:00:00,125.41453405859582,9,3,0
2026-02-19 10:00:00,131.6901034107523,10,3,0
2026-02-19 11:00:00,145.4694168789217,11,3,0
2026-02-19 12:00:00,152.75026049512275,12,3,0
2026-02-19 13:00:00,141.75086035458864,13,3,0
2026-02-19 14:00:00,137.12941790917367,14,3,0
2026-02-19 15:00:00,114.04055064406373,15,3,0
2026-02-19 16:00:00,96.99316178024394,16,3,0
2026-02-19 17:00:00,77.48081418096479,17,3,0
2026-02-19 18:00:00,42.03503133234167,18,3,0
2026-02-19 19:00:00,52.202373689801995,19,3,0
2026-02-19 20:00:00,49.901811005366596,20,3,0
2026-02-19 21:00:00,52.76244977208574,21,3,0
2026-02-19 22:00:00,51.119570670323306,22,3,0
2026-02-19 23:00:00,56.82070214986922,23,3,0
2026-02-20 00:00:00,50.62612251323954,0,4,0
2026-02-20 01:00:00,47.852972294373735,1,4,0
2026-02-20 02:00:00,50.61148751516142,2,4,0
2026-02-20 03:00:00,52.71649014518194,3,4,0
2026-02-20 04:00:00,50.244300351628524,4,4,0
2026-02-20 05:00:00,50.20295845601941,5,4,0
2026-02-20 06:00:00,46.49004156096622,6,4,0
2026-02-20 07:00:00,72.56739992249733,7,4,0
2026-02-20 08:00:00,92.98697364100153,8,4,0
2026-02-20 09:00:00,129.45856183458943,9,4,0
2026-02-20 10:00:00,130.38322420148742,10,4,0
2026-02-20 11:00:00,143.12805663992728,11,4,0
2026-02-20 12:00:00,146.407963672154,12,4,0
2026-02-20 13:00:00,151.06720451362904,13,4,0
2026-02-20 14:00:00,135.12779198698374,14,4,0
2026-02-20 15:00:00,126.94938848202342,15,4,0
2026-02-20 16:00:00,96.63254687878066,16,4,0
2026-02-20 17:00:00,77.27687532137111,17,4,0
2026-02-20 18:00:00,45.82326473370123,18,4,0
2026-02-20 19:00:00,60.72574563886694,19,4,0
2026-02-20 20:00:00,44.062007904852436,20,4,0
2026-02-20 21:00:00,51.54910355113514,21,4,0
2026-02-20 22:00:00,53.168884404660496,22,4,0
2026-02-20 23:00:00,52.06899548725749,23,4,0
2026-02-21 00:00:00,19.073561705611457,0,5,1
2026-02-21 01:00:00,19.35089650133287,1,5,1
2026-02-21 02:00:00,20.219057359895547,2,5,1
2026-02-21 03:00:00,19.264989991857558,3,5,1
2026-02-21 04:00:00,24.819395583974547,4,5,1
2026-02-21 05:00:00,31.052615007956756,5,5,1
2026-02-21 06:00:00,17.212541074960832,6,5,1
2026-02-21 07:00:00,15.739175553129815,7,5,1
2026-02-21 08:00:00,24.558589758243727,8,5,1
2026-02-21 09:00:00,39.96961450013707,9,5,1
2026-02-21 10:00:00,24.64188119799573,10,5,1
2026-02-21 11:00:00,37.85484229011102,11,5,1
2026-02-21 12:00:00,38.388504070382204,12,5,1
2026-02-21 13:00:00,26.891317054350708,13,5,1
2026-02-21 14:00:00,31.505169433770767,14,5,1
2026-02-21 15:00:00,35.213050927508164,15,5,1
2026-02-21 16:00:00,23.104361295062564,16,5,1
2026-02-21 17:00:00,21.5702886505134,17,5,1
2026-02-21 18:00:00,17.09159543025678,18,5,1
2026-02-21 19:00:00,14.926216346535666,19,5,1
2026-02-21 20:00:00,16.753612274669965,20,5,1
2026-02-21 21:00:00,13.880298666188718,21,5,1
2026-02-21 22:00:00,20.17041734129613,22,5,1
2026-02-21 23:00:00,16.150133844706794,23,5,1
2026-02-22 00:00:00,21.16892955895374,0,6,1
2026-02-22 01:00:00,12.220521768981865,1,6,1
2026-02-22 02:00:00,21.654401161072286,2,6,1
2026-02-22 03:00:00,24.167644808044624,3,6,1
2026-02-22 04:00:00,10.031321787142723,4,6,1
2026-02-22 05:00:00,21.87028284923786,5,6,1
2026-02-22 06:00:00,26.13834496236646,6,6,1
2026-02-22 07:00:00,16.53998535756918,7,6,1
2026-02-22 08:00:00,33.362861934188516,8,6,1
2026-02-22 09:00:00,29.166162858695703,9,6,1
2026-02-22 10:00:00,25.13519475905234,10,6,1
2026-02-22 11:00:00,29.38041287460215,11,6,1
2026-02-22 12:00:00,32.791634562608614,12,6,1
2026-02-22 13:00:00,30.03928521995274,13,6,1
2026-02-22 14:00:00,31.354034000076236,14,6,1
2026-02-22 15:00:00,22.467699846468644,15,6,1
2026-02-22 16:00:00,25.84680412018039,16,6,1
2026-02-22 17:00:00,15.51961796650031,17,6,1
2026-02-22 18:00:00,19.4438696932565,18,6,1
2026-02-22 19:00:00,15.480461792676051,19,6,1
2026-02-22 20:00:00,16.322350287051165,20,6,1
2026-02-22 21:00:00,26.18046587605219,21,6,1
2026-02-22 22:00:00,25.456550602971344,22,6,1
2026-02-22 23:00:00,23.045690604535885,23,6,1
2026-02-23 00:00:00,44.538436176637106,0,0,0
2026-02-23 01:00:00,48.41795775152599,1,0,0
2026-02-23 02:00:00,56.06548849989592,2,0,0
2026-02-23 03:00:00,50.70858456819953,3,0,0
2026-02-23 04:00:00,61.59664769990847,4,0,0
2026-02-23 05:00:00,51.96658919697186,5,0,0
2026-02-23 06:00:00,50.960245582450156,6,0,0
2026-02-23 07:00:00,74.33632218923957,7,0,0
2026-02-23 08:00:00,100.66770452391141,8,0,0
2026-02-23 09:00:00,119.94832893675202,9,0,0
2026-02-23 10:00:00,140.1430837618868,10,0,0
2026-02-23 11:00:00,151.37609421287974,11,0,0
2026-02-23 12:00:00,146.07005269746026,12,0,0
2026-02-23 13:00:00,139.93641786111795,13,0,0
2026-02-23 14:00:00,127.42151351292739,14,0,0
2026-02-23 15:00:00,123.25063475321747,15,0,0
2026-02-23 16:00:00,94.48316696913064,16,0,0
2026-02-23 17:00:00,65.11745154548969,17,0,0
2026-02-23 18:00:00,51.942893022654836,18,0,0
2026-02-23 19:00:00,62.46499758716395,19,0,0
2026-02-23 20:00:00,49.96964544230053,20,0,0
2026-02-23 21:00:00,54.19245387225821,21,0,0
2026-02-23 22:00:00,50.40914679273782,22,0,0
2026-02-23 23:00:00,49.50555173404429,23,0,0
2026-02-24 00:00:00,54.59538241493884,0,1,0
2026-02-24 01:00:00,48.548627279056745,1,1,0
2026-02-24 02:00:00,51.33696157035951,2,1,0
2026-02-24 03:00:00,51.60848903098007,3,1,0
2026-02-24 04:00:00,46.659547731784755,4,1,0
2026-02-24 05:00:00,54.960211747682614,5,1,0
2026-02-24 06:00:00,49.12520121652296,6,1,0
2026-02-24 07:00:00,72.10317871278785,7,1,0
2026-02-24 08:00:00,102.68254921785201,8,1,0
2026-02-24 09:00:00,116.21833820969955,9,1,0
2026-02-24 10:00:00,136.7434461652895,10,1,0
2026-02-24 11:00:00,146.54698764568582,11,1,0
2026-02-24 12:00:00,155.4294778291579,12,1,0
2026-02-24 13:00:00,148.96607379330658,13,1,0
2026-02-24 14:00:00,136.47740558471816,14,1,0
2026-02-24 15:00:00,124.79950961465619,15,1,0
2026-02-24 16:00:00,106.95103774508657,16,1,0
2026-02-24 17:00:00,78.67095604201141,17,1,0
2026-02-24 18:00:00,50.05176309921692,18,1,0
2026-02-24 19:00:00,43.4408188382492,19,1,0
2026-02-24 20:00:00,44.67443168462314,20,1,0
2026-02-24 21:00:00,48.473876478226664,21,1,0
2026-02-24 22:00:00,46.952438989203586,22,1,0
2026-02-24 23:00:00,49.06514348507277,23,1,0
2026-02-25 00:00:00,50.283249624485535,0,2,0
2026-02-25 01:00:00,52.64846377178365,1,2,0
2026-02-25 02:00:00,49.647506109704544,2,2,0
2026-02-25 03:00:00,52.43250821913101,3,2,0
2026-02-25 04:00:00,50.3223720740506,4,2,0
2026-02-25 05:00:00,40.12266716823064,5,2,0
2026-02-25 06:00:00,45.30332303090623,6,2,0
2026-02-25 07:00:00,75.161466731644,7,2,0
2026-02-25 08:00:00,93.95152628579446,8,2,0
2026-02-25 09:00:00,123.71032176863577,9,2,0
2026-02-25 10:00:00,144.25629454016234,10,2,0
2026-02-25 11:00:00,152.6863918873934,11,2,0
2026-02-25 12:00:00,148.93278564534896,12,2,0
2026-02-25 13:00:00,154.04621331315658,13,2,0
2026-02-25 14:00:00,137.34587766445443,14,2,0
2026-02-25 15:00:00,119.02524826306455,15,2,0
2026-02-25 16:00:00,96.93298668229531,16,2,0
2026-02-25 17:00:00,74.36955607781145,17,2,0
2026-02-25 18:00:00,48.05911590729387,18,2,0
2026-02-25 19:00:00,50.85208111187744,19,2,0
2026-02-25 20:00:00,50.802869905249324,20,2,0
2026-02-25 21:00:00,50.01523010076707,21,2,0
2026-02-25 22:00:00,52.18469084873175,22,2,0
2026-02-25 23:00:00,55.95323137393171,23,2,0
2026-02-26 00:00:00,54.74777067720662,0,3,0
2026-02-26 01:00:00,42.575510157750486,1,3,0
2026-02-26 02:00:00,37.230394325490224,2,3,0
2026-02-26 03:00:00,54.67159955619637,3,3,0
2026-02-26 04:00:00,43.165606507922895,4,3,0
2026-02-26 05:00:00,48.87617299053658,5,3,0
2026-02-26 06:00:00,44.1494348697032,6,3,0
2026-02-26 07:00:00,66.87200232235197,7,3,0
2026-02-26 08:00:00,102.70731364102394,8,3,0
2026-02-26 09:00:00,124.50645392016797,9,3,0
2026-02-26 10:00:00,133.71998837481024,10,3,0
2026-02-26 11:00:00,133.63737116818228,11,3,0
2026-02-26 12:00:00,147.2687777587376,12,3,0
2026-02-26 13:00:00,148.55160265591957,13,3,0
2026-02-26 14:00:00,129.20798253457323,14,3,0
2026-02-26 15:00:00,121.62747771755053,15,3,0
2026-02-26 16:00:00,99.92345075413502,16,3,0
2026-02-26 17:00:00,78.77836200825755,17,3,0
2026-02-26 18:00:00,50.59790184207078,18,3,0
2026-02-26 19:00:00,45.134655295592225,19,3,0
2026-02-26 20:00:00,55.982857508322454,20,3,0
2026-02-26 21:00:00,49.20735213486515,21,3,0
2026-02-26 22:00:00,49.86347730245034,22,3,0
2026-02-26 23:00:00,45.33366020463402,23,3,0
2026-02-27 00:00:00,47.78358874404245,0,4,0
2026-02-27 01:00:00,45.575986429865495,1,4,0
2026-02-27 02:00:00,49.135269700382885,2,4,0
2026-02-27 03:00:00,58.558542400711715,3,4,0
2026-02-27 04:00:00,43.140494285343216,4,4,0
2026-02-27 05:00:00,41.932193010616295,5,4,0
2026-02-27 06:00:00,57.35585163746804,6,4,0
2026-02-27 07:00:00,74.83528612449274,7,4,0
2026-02-27 08:00:00,96.65463630670041,8,4,0
2026-02-27 09:00:00,125.91020155563513,9,4,0
2026-02-27 10:00:00,133.57446267975953,10,4,0
2026-02-27 11:00:00,155.72263119664152,11,4,0
2026-02-27 12:00:00,153.38962935669633,12,4,0
2026-02-27 13:00:00,144.1530255881783,13,4,0
2026-02-27 14:00:00,147.3890814447714,14,4,0
2026-02-27 15:00:00,117.68210350363806,15,4,0
2026-02-27 16:00:00,103.71047686004654,16,4,0
2026-02-27 17:00:00,77.37836741228456,17,4,0
2026-02-27 18:00:00,56.508706446994005,18,4,0
2026-02-27 19:00:00,57.807555983634266,19,4,0
2026-02-27 20:00:00,50.160020745328836,20,4,0
2026-02-27 21:00:00,46.23291064826908,21,4,0
2026-02-27 22:00:00,52.29986071469558,22,4,0
2026-02-27 23:00:00,46.61142315123947,23,4,0
2026-02-28 00:00:00,30.066936237633115,0,5,1
2026-02-28 01:00:00,20.682676655413687,1,5,1
2026-02-28 02:00:00,18.173392243439455,2,5,1
2026-02-28 03:00:00,20.923401529324543,3,5,1
2026-02-28 04:00:00,13.264368552351517,4,5,1
2026-02-28 05:00:00,15.141929807446743,5,5,1
2026-02-28 06:00:00,26.00206953972213,6,5,1
2026-02-28 07:00:00,19.303719056168227,7,5,1
2026-02-28 08:00:00,19.7654450865903,8,5,1
2026-02-28 09:00:00,29.754331574501904,9,5,1
2026-02-28 10:00:00,34.58877481115937,10,5,1
2026-02-28 11:00:00,33.25402481621602,11,5,1
2026-02-28 12:00:00,34.98023842902908,12,5,1
2026-02-28 13:00:00,25.875282820043378,13,5,1
2026-02-28 14:00:00,21.55120070413517,14,5,1
2026-02-28 15:00:00,34.57773607164291,15,5,1
2026-02-28 16:00:00,23.38660080578932,16,5,1
2026-02-28 17:00:00,21.334025368749973,17,5,1
2026-02-28 18:00:00,26.640970709245288,18,5,1
2026-02-28 19:00:00,22.7811500470033,19,5,1
2026-02-28 20:00:00,22.27943886040804,20,5,1
2026-02-28 21:00:00,30.82501172450542,21,5,1
2026-02-28 22:00:00,16.782408848099287,22,5,1
2026-02-28 23:00:00,24.639200640406187,23,5,1
2026-03-01 00:00:00,20.285065624485423,0,6,1
2026-03-01 01:00:00,21.342961394316287,1,6,1
2026-03-01 02:00:00,27.64234213206266,2,6,1
2026-03-01 03:00:00,22.53917878144812,3,6,1
2026-03-01 04:00:00,22.691480395248163,4,6,1
2026-03-01 05:00:00,25.36253668654901,5,6,1
2026-03-01 06:00:00,18.175236352285573,6,6,1
2026-03-01 07:00:00,18.392142114330174,7,6,1
2026-03-01 08:00:00,19.775954029894834,8,6,1
2026-03-01 09:00:00,17.239284864985464,9,6,1
2026-03-01 10:00:00,38.941289687545996,10,6,1
2026-03-01 11:00:00,24.143216434282266,11,6,1
2026-03-01 12:00:00,28.89373188207114,12,6,1
2026-03-01 13:00:00,28.275191763446077,13,6,1
2026-03-01 14:00:00,30.19728752688989,14,6,1
2026-03-01 15:00:00,31.14975387456196,15,6,1
2026-03-01 16:00:00,29.302367441798726,16,6,1
2026-03-01 17:00:00,19.672803258180515,17,6,1
2026-03-01 18:00:00,19.164391431067944,18,6,1
2026-03-01 19:00:00,21.412899752441497,19,6,1
2026-03-01 20:00:00,18.756544369082263,20,6,1
2026-03-01 21:00:00,28.036727880099964,21,6,1
2026-03-01 22:00:00,22.454874758191256,22,6,1
2026-03-01 23:00:00,23.674388930249087,23,6,1
